Event,Metric,Equally weighted,Value weighted,Minimum risk,Risk parity,Maximum diversification,Minimum risk (shrunk sample)
Dot-com bust,Crash return (%),-26.29884548678697,-41.66798864339537,6.7323598582053945,-12.336800295522876,3.186884916180377,-8.871702840475383
Dot-com bust,Max drawdown (%),-28.015127364597724,-41.66798864339537,-16.155230881772155,-21.586439531223924,-16.587911896902398,-19.82849226734483
Dot-com bust,Rebound return (%),97.6436576054336,71.81319414086269,57.269578077467486,87.98289476953886,71.95586291559948,77.51163425319514
Global financial crisis,Crash return (%),-51.695514467405545,-49.130846036095036,-37.09103901582432,-48.902594319125704,-53.62085279536951,-40.97928681199801
Global financial crisis,Max drawdown (%),-51.695514467405545,-49.130846036095036,-37.54887643732163,-48.902594319125704,-53.62085279536951,-40.97928681199801
Global financial crisis,Rebound return (%),115.89024099739733,92.06237490187846,55.2329089378947,104.31898012980305,66.04190944927073,70.81462853051872
COVID-19 crash,Crash return (%),-23.67981443660795,-18.928387317706285,-15.6033931397765,-21.995841746251187,-13.555192649572135,-16.378373133274625
COVID-19 crash,Max drawdown (%),-23.67981443660795,-18.928387317706285,-15.6033931397765,-21.995841746251187,-13.555192649572135,-16.378373133274625
COVID-19 crash,Rebound return (%),29.05554231191154,28.463100107195103,16.536200701455893,26.720352250786572,31.990992207986267,18.362966859786688
