Strategy,Risk model,CAGR (%),Volatility (%),Sharpe,Max drawdown (%),Realized beta,Turnover (%),Pred / realized vol,Avg holdings,Utilities weight (%)
Minimum risk,Single factor,8.202602762259193,12.723746792464905,0.49921887826249545,-37.54887643732163,0.33945741555085485,116.61681032929691,0.5740907443250616,45.115591397849464,52.387105243931266
Minimum risk,Constant correlation,9.072573354645064,12.239656410149532,0.5801258318935173,-34.75964296471924,0.38254799778427045,95.55179447125526,0.8343875471932639,42.274193548387096,42.17832037976637
Minimum risk,Shrunk sample,10.04020409589983,11.75334673353435,0.675040629380983,-40.97928681199803,0.6048784698577444,180.4351322419968,1.1055171510053523,108.0510752688172,20.020960180182716
Maximum diversification,Single factor,10.345865688004396,14.108299490294057,0.6036894959486241,-53.62085279536949,0.6725272265011668,160.35708531679654,0.7483691830689376,63.043010752688176,18.05571829010563
Maximum diversification,Constant correlation,11.626341852219646,14.811267435987832,0.6610514381144524,-49.705206843525104,0.9044965189097464,57.0506840378007,0.9760619356847214,500.0,9.658757455957765
Maximum diversification,Shrunk sample,10.009998631347727,15.953618886457663,0.5324435747874708,-58.51378877275011,0.861682241416304,260.7924184361579,0.9461481297047075,71.79032258064517,12.724390839975541
Risk parity,Single factor,11.621097048026696,14.03859694282638,0.6890233960362528,-48.90259431912569,0.8456941500419738,62.41047633897371,0.9407769264964957,500.0,12.164919433068018
Risk parity,Constant correlation,11.626341852219646,14.811267435987832,0.6610514381144524,-49.705206843525104,0.9044965189097464,57.05068403780069,0.9760619356847212,500.0,9.658757455957765
Risk parity,Shrunk sample,11.555197239208104,14.839303711472562,0.6557540033964098,-49.98214056027762,0.9111072928650473,64.46979522610899,1.0591915135558752,500.0,9.73715844084829
Equally weighted,Benchmark,11.630371360820568,15.743765914317951,0.6313137044044871,-51.695514467405545,0.9769245991841733,61.65544834550831,0.9681940243880376,500.0,7.834408602150537
Value weighted,Benchmark,11.545513763775705,14.82145921083739,0.6556852698279114,-49.13084603609504,0.943654929337966,10.010792387042846,1.001533991583445,500.0,3.708914828180269
