,Equally weighted,Value weighted,Minimum risk,Risk parity,Maximum diversification
Annual arithmetic excess return (%),9.93925518064516,9.718212481901295,6.351934601030354,9.672921741130391,8.517032207987848
Total-return CAGR (%),11.630371360820568,11.545513763775705,8.202602762259193,11.621097048026696,10.345865688004396
Annual excess-return volatility (%),15.743765914317951,14.82145921083739,12.723746792464905,14.03859694282638,14.108299490294057
Sharpe ratio,0.6313137044044871,0.6556852698279114,0.49921887826249545,0.6890233960362528,0.6036894959486241
Realized market beta,0.9769245991841733,0.943654929337966,0.33945741555085485,0.8456941500419738,0.6725272265011668
Average holdings,500.0,500.0,45.115591397849464,500.0,63.043010752688176
Average effective N (weights),500.0,112.28173918581027,25.34400152480152,423.63503468306146,36.7297679272202
Maximum drawdown (%),-51.695514467405545,-49.13084603609504,-37.54887643732163,-48.90259431912569,-53.62085279536949
Annual one-way turnover (%),61.65544834550831,10.01079238704285,116.6168103292969,62.41047633897371,160.35708531679654
