date,ew,vw,min_risk,risk_parity,max_div
199501,0.02620386,0.02833944871274495,0.06680088656461988,0.028867005968336353,0.02886700596833635
199502,0.044445472,0.038431448961836166,0.012035398893039173,0.04164353209029377,0.04164353209029377
199503,0.024545096000000002,0.026651044817338782,-0.014608005521763797,0.02216675078754026,0.022166750787540268
199504,0.017890546,0.028546864362739285,0.01743718988082506,0.017257460440210832,0.017257460440210835
199505,0.036014976000000004,0.039319828367711675,0.06393121367166264,0.03728070377431905,0.03728070377431905
199506,0.027149164000000003,0.02568496969130955,-0.014019887325472017,0.022604013024747027,0.022604013024747054
199507,0.038191694,0.0341039842947497,-0.005256799853554126,0.034216434780255905,0.03421643478025594
199508,0.015076648000000005,0.006684448648472967,0.009266946921446821,0.014010141765592121,0.014010141765592097
199509,0.029133418000000005,0.04348542043801528,0.059360528634655366,0.03161679775837368,0.031616797758373734
199510,-0.016688868,-0.002143609222797084,0.032318596705349985,-0.012692200044833488,-0.012692200044833481
199511,0.04754077200000001,0.04293129448712621,0.02450472215236367,0.04751229720432652,0.047512297204326495
199512,0.010486118,0.016412709879942054,0.05144279116234558,0.015506784897614173,0.01550678489761417
199601,0.030140493999999997,0.03362022211172645,0.01797071259312592,0.03007215613153052,0.03007215613153052
199602,0.016058198,0.012700023050758819,-0.028326503986488283,0.012497900988739045,0.012497900988739066
199603,0.012816319999999999,0.007878518166088332,0.0009570491859097483,0.014247784863926824,0.014247784863926827
199604,0.019902084,0.014219525191430944,-0.034146885206780005,0.013754748109498987,0.013754748109499006
199605,0.018176766,0.025103075920013287,0.01522761955334915,0.01703083024293351,0.017030830242933528
199606,-0.010161214000000002,0.002564299290678506,0.05203253985144854,-0.0034920223984713237,-0.0034920223984713198
199607,-0.051178664,-0.0437887420440632,-0.05794325679444288,-0.04877667930794033,-0.04877667930794034
199608,0.03544255,0.023315279926085408,0.017567001955598408,0.0332450367070566,0.03324503670705659
199609,0.052984762000000005,0.05670995208920425,0.00879807665143479,0.04957956538848012,0.04957956538848012
199610,0.015694262,0.02559781996580489,0.03768367849219783,0.01906284455062482,0.019062844550624833
199611,0.071231668,0.07601729552090879,0.029502856089861244,0.06711279436793323,0.0671127943679332
199612,-0.016987496000000005,-0.017669582288647415,-0.000584295581204953,-0.015702513688865053,-0.015702513688865053
199701,0.045631028,0.06366995261355055,0.016307716086902888,0.040723188619588735,0.04072318861958874
199702,0.0054581000000000005,0.005787653518573745,0.011738933281772612,0.010101012418223058,0.010101012418223056
199703,-0.03891595,-0.04287082314813318,-0.02083697390755846,-0.03784724853349276,-0.03784724853349274
199704,0.033630363999999996,0.05995254676976255,0.0008785550847715791,0.034575433890500065,0.034575433890500065
199705,0.06992624,0.06120624662469213,0.04188388990744642,0.06556272750653913,0.06556272750653913
199706,0.036368788,0.043602917237830344,0.029463615721740322,0.03834680532412945,0.03834680532412941
199707,0.08662309000000001,0.08117741139166484,0.031767324527609775,0.07993031292525099,0.07993031292525099
199708,-0.02661725,-0.05236135225306595,-0.028353139529951346,-0.029103268166489324,-0.029103268166489324
199709,0.052616607999999995,0.05355237148339,0.04528446409168092,0.05260347481681629,0.052603474816816306
199710,-0.038225066,-0.033037002698840405,-0.01258464435236823,-0.032794081081010805,-0.03279408108101082
199711,0.032578433999999996,0.04692885488895897,0.06334192020168714,0.037350639964202355,0.03735063996420236
199712,0.025921834000000005,0.0192049190914551,0.06585406653933593,0.03272512119948162,0.03272512119948161
199801,-0.011903756000000003,0.009222094499372967,-0.03545741561713765,-0.012660762242504592,-0.012660762242504611
199802,0.07637721,0.07103043076281315,0.0384935722247492,0.0728422423703535,0.07284224237035353
199803,0.04945518,0.05125258606841079,0.07043116833469044,0.05075414513312955,0.05075414513312955
199804,0.00508386,0.009958663221571415,-0.01938095760626317,0.0025827003530109484,0.0025827003530109844
199805,-0.028128128000000002,-0.018465652462637833,-0.01680121737961851,-0.024574542116916703,-0.02457454211691671
199806,0.018657252,0.04227413091977948,0.028734284327504356,0.017272984455154076,0.017272984455154065
199807,-0.035093509999999994,-0.010494553806552297,-0.03867550293549958,-0.03548056007465023,-0.03548056007465024
199808,-0.146940646,-0.14325208151043017,0.006637711303342444,-0.1360006516949787,-0.1360006516949787
199809,0.063566242,0.06659620299332175,0.07767440544825938,0.06098856566266691,0.06098856566266684
199810,0.08407089400000001,0.07685968546191506,-0.012616047922051569,0.07890288377297142,0.07890288377297151
199811,0.05110444,0.06363138860158225,0.02397783312529441,0.04773338193138554,0.04773338193138547
199812,0.049959250000000004,0.06078937650854668,0.03119989103914042,0.043289107379534106,0.04328910737953403
199901,0.004292442000000003,0.04004268009855705,-0.06848960347270092,-0.006273816828084071,-0.0062738168280839605
199902,-0.026641554,-0.03146566115957668,-0.05258791827470994,-0.022194240256191676,-0.022194240256191634
199903,0.030453358,0.038119801431167416,-0.01948165777297643,0.02466336789235231,0.02466336789235221
199904,0.07165953600000001,0.03449428966616275,0.07020266046159554,0.07447707998587971,0.07447707998587977
199905,-0.0013821820000000018,-0.022506073952032406,0.051219920858390326,-0.0007514592113155006,-0.0007514592113154843
199906,0.03687525,0.0511427888521188,-0.04491639585149452,0.02836562549716761,0.028365625497167604
199907,-0.027483746,-0.030036017575982583,-0.018913863929620744,-0.028465692412676213,-0.02846569241267623
199908,-0.025820652,-0.004868242479529366,0.008703468149182573,-0.027742508545617186,-0.027742508545617287
199909,-0.038001952,-0.030928493560638953,-0.05284779432242598,-0.04046746406891086,-0.04046746406891092
199910,0.051230528,0.07149669797038874,0.019820488302740615,0.04928901423089317,0.04928901423089316
199911,0.014716476000000001,0.021223513532106435,-0.04857086706966458,0.0020786791346327346,0.002078679134632658
199912,0.054062028,0.061874217754913835,-0.026537990198850094,0.036603990982078005,0.03660399098207805
200001,-0.04800654000000001,-0.043392649641954856,0.009912441655918357,-0.04649032520767396,-0.04649032520767393
200002,-0.00035441999999999895,-0.010648449524844917,-0.0894156242974839,-0.03193112051290134,-0.0319311205129013
200003,0.08005865599999999,0.09350205717585405,0.07222568719251649,0.09463432384832973,0.09463432384832979
200004,-0.006793736000000001,-0.03370428412760453,0.08619519529936459,0.0026443923869503396,0.0026443923869503617
200005,0.001671993999999998,-0.02387159767649664,0.036689963633154306,0.014107655430234773,0.014107655430234817
200006,-0.008195148000000003,0.02770476101891787,-0.05709355864249418,-0.020435018978433493,-0.02043501897843345
200007,0.0005294660000000008,-0.00982616604676376,0.038298714688840975,0.007381286588544431,0.00738128658854441
200008,0.087929856,0.06442833845682483,0.08918026208032498,0.07796822014063413,0.07796822014063413
200009,-0.009418428,-0.044677772918614744,0.08325119416588274,0.0028435771064364394,0.002843577106436312
200010,0.009846997999999997,-0.0003822032206261634,0.010993636454900693,0.01757594469037353,0.017575944690373543
200011,-0.068097746,-0.07618173213156393,0.03422377516265764,-0.04592425604810462,-0.04592425604810463
200012,0.06555164200000001,0.0072663414332555225,0.06213012931345659,0.06877088641511209,0.06877088641511207
200101,0.030723938000000003,0.02796286130778646,-0.07214398176429951,0.016609929692810096,0.01660992969281013
200102,-0.05321603200000001,-0.08152754311431032,0.03091247051838234,-0.03545490999849808,-0.03545490999849807
200103,-0.052650512,-0.06114173625636252,-7.876698563229634e-05,-0.044245937425984844,-0.04424593742598485
200104,0.084639696,0.07501854386893403,0.03775668300496053,0.07182778089346202,0.071827780893462
200105,0.017771462000000002,0.008286416205562013,0.030434362015206592,0.022857162966889964,0.022857162966889957
200106,-0.010863149999999999,-0.020486872777851065,-0.024460017858655734,-0.01411060522612494,-0.014110605226124947
200107,-0.015257641999999998,-0.010010705035336055,-0.0206707038803924,-0.00796237644534019,-0.00796237644534021
200108,-0.046144418,-0.06186536777666218,0.004250835438144425,-0.03881073564696693,-0.038810735646966965
200109,-0.109451222,-0.07578344913980098,-0.02690922567891424,-0.09644201375252276,-0.09644201375252277
200110,0.026720744,0.01926740197926772,-0.008926352317795195,0.017485823620475346,0.017485823620475363
200111,0.08548699000000001,0.07460433932519259,0.010860573066156568,0.07727599720278344,0.07727599720278351
200112,0.02934737,0.009336312171090162,0.042295121845646454,0.030198068144150117,0.030198068144150107
200201,-0.0021709299999999997,-0.009090932275149975,0.0005965127349997776,1.2880964824703474e-05,1.2880964824723965e-05
200202,-0.016759568000000002,-0.018176497579839933,0.013668795470666534,-0.005232281777231543,-0.00523228177723155
200203,0.057955588,0.03694152765620054,0.051518474597283606,0.05313638326827569,0.05313638326827566
200204,-0.031165358,-0.05766539198830554,-0.01577637885764997,-0.02455066454318177,-0.024550664543181694
200205,-0.007419005999999999,-0.006883285882427588,-0.008017337570561401,-0.004568785751996126,-0.004568785751996128
200206,-0.072167752,-0.06948017171021661,-0.04287911193027692,-0.06520426787965844,-0.06520426787965841
200207,-0.09025008400000001,-0.07162942872962894,-0.04725744590276039,-0.08445999228735947,-0.08445999228735945
200208,0.0049507579999999995,0.006700086666974194,0.0001706448047127428,0.0068651983545043645,0.0068651983545043645
200209,-0.095411842,-0.10479513592288872,-0.061131813978411775,-0.09306733095394841,-0.0930673309539484
200210,0.061878292,0.08640027851489575,0.03311796887162038,0.053373254465348456,0.05337325446534842
200211,0.06579112399999999,0.05243221364148745,0.01188559285235735,0.05595333138437705,0.055953331384377046
200212,-0.04732312200000001,-0.05763120806246043,0.014030934219948747,-0.038734801271869373,-0.038734801271869373
200301,-0.020346622,-0.02700419576470494,-0.02222343865685718,-0.0230244052062845,-0.023024405206284505
200302,-0.018640134,-0.016591776309804195,-0.02151102508563194,-0.02039867327212586,-0.02039867327212587
200303,0.004597820000000001,0.011872420215213685,0.00073960252392223,0.005107754356192495,0.005107754356192505
200304,0.07921791,0.07944039666536096,0.04613816879781464,0.07614051942777475,0.07614051942777475
200305,0.081465344,0.051318588473247176,0.06606553759860415,0.07510734213809694,0.075107342138097
200306,0.006846904000000001,0.012602060237833692,-0.006027912190288683,0.006532233822245986,0.006532233822245977
200307,0.025788036,0.01819406595027515,-0.02244907544797284,0.02341517545612456,0.023415175456124548
200308,0.038395136,0.019163949916935083,0.015463500931601527,0.032646963173340135,0.03264696317334012
200309,-0.015984204000000002,-0.01119415068372236,0.009372224922214943,-0.013736872363836479,-0.013736872363836455
200310,0.07518287600000001,0.057001804668374435,0.04144119674099616,0.07078124566556211,0.07078124566556213
200311,0.018570417999999998,0.009037654050948129,0.019278468492115144,0.017743983334397164,0.017743983334397154
200312,0.038052106,0.047572580289230754,0.03442235634396129,0.03970521141690026,0.03970521141690026
200401,0.016786332,0.016234006310677944,0.005446864370746933,0.0146594563247862,0.014659456324786201
200402,0.018565206,0.013738464508115451,0.024009188015575132,0.021411476509771862,0.021411476509771855
200403,-0.006706162000000001,-0.015350641432698084,0.00912872735800231,-0.0050777215705873815,-0.005077721570587393
200404,-0.018670387999999996,-0.013787061974599788,0.0031523799641807746,-0.01528779149766403,-0.015287791497664035
200405,0.018818482000000004,0.012664013076694578,0.013880440206503294,0.017053504768958144,0.017053504768958144
200406,0.022681919999999998,0.0169081875522133,0.004184259942681144,0.021769188707865567,0.021769188707865587
200407,-0.041224949999999996,-0.03384799940360461,-0.014681876275260783,-0.03535699772839515,-0.03535699772839518
200408,-0.0003442299999999995,0.003823542335643401,0.014730945094099192,0.003723516615027235,0.0037235166150272267
200409,0.029648372000000006,0.010723677105825625,-0.0017313012727322667,0.02634068546030264,0.026340685460302656
200410,0.01882699,0.012810718376909771,0.01777688853459196,0.016800774237275332,0.016800774237275325
200411,0.053613712,0.03938031417148253,0.030779382590327826,0.04999092110638116,0.04999092110638116
200412,0.036571610000000004,0.033311486676469076,0.034907625829711464,0.03578857877561892,0.035788578775618946
200501,-0.023649867999999998,-0.023707695647892418,-0.010102707944110568,-0.0205210022718293,-0.020521002271829316
200502,0.02197795,0.020368603190337023,0.016441277554074502,0.020987250952709872,0.020987250952709875
200503,-0.010024920000000001,-0.01693607991819219,-0.011368075849748348,-0.009128826253154577,-0.009128826253154598
200504,-0.027359640000000005,-0.01733228347517935,0.003907240901108364,-0.024349955125826123,-0.024349955125826103
200505,0.045161394,0.033882086171030175,0.018062236777514853,0.03959667637090032,0.039596676370900315
200506,0.016184939999999995,0.0013159431244512626,-0.0042815089959671575,0.015056512213654893,0.015056512213654925
200507,0.049097916000000005,0.038060419456837344,0.02107859124480553,0.045192682318650805,0.045192682318650784
200508,-0.008104492,-0.00826224709000392,-0.009135316392532514,-0.009318692725074247,-0.009318692725074225
200509,0.010786038000000001,0.00822015308985382,0.001823686946654763,0.008154124745601328,0.008154124745601312
200510,-0.020886646000000002,-0.014919229283713276,-0.0045644441451562065,-0.01895086889757567,-0.018950868897575714
200511,0.041634928,0.037839329373301284,0.02449785334846249,0.03899245136872538,0.03899245136872534
200512,0.006714037999999999,-0.0007550029458658135,-0.0005611234926099607,0.00639173657263037,0.006391736572630347
200601,0.03785337799999999,0.024738857734712502,-0.002963406045982428,0.032498378400392505,0.03249837840039252
200602,-0.0008947180000000001,0.0014249030775346293,0.011095916046736426,0.002392193278630825,0.0023921932786308236
200603,0.018391472,0.01294684871510851,-0.0007399709010952973,0.016712828198196257,0.016712828198196285
200604,0.012607916000000004,0.01083277984996386,0.006611265183305448,0.012560213060826645,0.01256021306082666
200605,-0.03195604,-0.028511026691270272,-0.00564398798244379,-0.027491404097362254,-0.02749140409736225
200606,0.0010169940000000002,0.0006168859446212263,0.006860961698535843,0.002064604302124501,0.0020646043021244976
200607,-0.014289246,0.0055853943687560045,0.028757567308761438,-0.007575550599561399,-0.007575550599561386
200608,0.022578461999999997,0.024533486073252585,0.027939229610787868,0.02058896880746664,0.020588968807466634
200609,0.019647122000000003,0.023772054799217048,0.002140374779058287,0.01958186203747801,0.019581862037478026
200610,0.034948606,0.031342697151122145,0.047925465857829704,0.034218315966323375,0.0342183159663234
200611,0.025247262000000003,0.017928219570364654,0.008442590439745917,0.02241983012281583,0.022419830122815808
200612,0.004618555999999999,0.013783878266446645,0.013532564771912638,0.007911661447588878,0.007911661447588876
200701,0.024318116,0.014789904209988831,-0.00011574804439631273,0.022237493769390076,0.022237493769390063
200702,-0.002211594,-0.017791960965187665,-0.004606291242751005,-0.003113650900749956,-0.003113650900749925
200703,0.009190322,0.010824362591325933,0.006439006939251516,0.009902787924596668,0.009902787924596718
200704,0.042785356000000004,0.04323229659999416,0.028854458845588824,0.041080380132950484,0.04108038013295046
200705,0.037999781999999996,0.03562469118655617,0.01112269750252811,0.0348491917508284,0.034849191750828415
200706,-0.019457012000000003,-0.01743760432249304,-0.041697480663205715,-0.02075181620249822,-0.020751816202498233
200707,-0.03411133,-0.028421261749846757,-0.037536955987340234,-0.03552987696271608,-0.03552987696271606
200708,0.006163501999999998,0.016704166286424647,0.036112329557489185,0.007790901260340185,0.007790901260340236
200709,0.031690262000000004,0.037653396728688796,0.027534023429193893,0.030939571987375573,0.03093957198737558
200710,0.022424571999999997,0.019461271699004037,0.005135897375023591,0.020280768572158714,0.020280768572158724
200711,-0.04463296,-0.039650795300397536,0.0030154457648901697,-0.03964073502114638,-0.03964073502114636
200712,-0.012183316,-0.00644288368862516,-0.016084431767367825,-0.012425931132071777,-0.012425931132071778
200801,-0.05649046,-0.05864017245581943,-0.054777745055204885,-0.05271483432208115,-0.05271483432208116
200802,-0.021972432,-0.02840122721608693,-0.021240532012347012,-0.024567961628622584,-0.02456796162862258
200803,-0.016467676,-0.005437615959081069,0.007174809883078445,-0.01342127269916641,-0.013421272699166424
200804,0.0567235,0.04458802992742657,0.01875197882726229,0.05191943893554303,0.051919438935543
200805,0.035598292000000004,0.015280523046003396,0.013934818590673893,0.031659790718862595,0.03165979071886257
200806,-0.08186432800000001,-0.08142512541940887,-0.07185707167464858,-0.08333889385174754,-0.08333889385174754
200807,-0.014832152000000001,-0.007040893055284706,0.010602112076958665,-0.007574353422397803,-0.007574353422397774
200808,0.014008700000000002,0.014383965839094038,0.03499158855315732,0.017448516531247602,0.017448516531247623
200809,-0.11675007799999998,-0.0848685587094139,-0.005009584722195218,-0.10188254139452561,-0.10188254139452557
200810,-0.195159192,-0.16110796006684167,-0.10586605544263432,-0.18706152993944047,-0.18706152993944045
200811,-0.08261393600000001,-0.06743141837434898,-0.019663811508778294,-0.07554734211886541,-0.07554734211886537
200812,0.029978444,0.009692952375416954,-0.0117288076818277,0.02687447656106852,0.026874476561068485
200901,-0.07052567800000001,-0.08041484107417281,-0.05319875856656379,-0.0711909751978905,-0.07119097519789044
200902,-0.10002159199999999,-0.10148188423061871,-0.12162549156036162,-0.10039340366782837,-0.10039340366782842
200903,0.08911419599999999,0.08807110350900402,0.023636514448965605,0.08316030050306451,0.08316030050306451
200904,0.12457765000000001,0.08379087826617582,-0.010975023922121045,0.11183708149588671,0.1118370814958867
200905,0.043960008,0.04887123945175645,0.009024231092156599,0.03927508506565071,0.039275085065650736
200906,0.0011700599999999995,0.00395175244520056,0.054485420031618124,0.006325013125591842,0.006325013125591846
200907,0.08183705399999999,0.07394620537569027,0.057808196616956964,0.07686819647659766,0.07686819647659768
200908,0.038778012,0.03254211128742196,0.016746610601307884,0.03453769638042622,0.034537696380426225
200909,0.048111778,0.03460564915018883,0.01084556931298553,0.04363070261300518,0.043630702613005196
200910,-0.03146557,-0.018036902569678562,-0.004682573835602175,-0.026381141823812897,-0.0263811418238129
200911,0.054029942000000004,0.05953567673020625,0.05549499874763164,0.0529628742194527,0.052962874219452685
200912,0.04322870999999999,0.017815266663513258,0.04014711441858076,0.04053581137531422,0.040535811375314215
201001,-0.03223887,-0.03337674047059015,-0.02661441642417577,-0.03047706031869437,-0.03047706031869437
201002,0.04532057800000001,0.03169010177020908,0.0045577494887462005,0.04162616628771061,0.0416261662877106
201003,0.063894164,0.0585806776341645,0.028561872853480667,0.05860431577299302,0.058604315772993035
201004,0.027182736,0.013938834594048988,0.02113165297832769,0.02442437508289124,0.02442437508289124
201005,-0.073986238,-0.07845924653441383,-0.041939877543026485,-0.07060806799204852,-0.07060806799204852
201006,-0.05825263000000001,-0.052793687701186934,0.005346196050318298,-0.05048604277320361,-0.05048604277320361
201007,0.07193539800000001,0.06888850497091104,0.05213480284614337,0.06771465427611605,0.06771465427611605
201008,-0.043932705999999995,-0.044289757735490584,0.021230347825718088,-0.039294865989040334,-0.03929486598904036
201009,0.102002972,0.08993794596357382,0.029047390924810422,0.09589013605515948,0.09589013605515948
201010,0.03970313,0.03885663318651941,0.02738714792787244,0.037995627974238395,0.0379956279742384
201011,0.014756714,0.0013589946200568328,-0.020865584846410438,0.011156595338877815,0.011156595338877789
201012,0.06812804,0.06735211631808183,0.014299931172750703,0.06368053307587772,0.06368053307587772
201101,0.020897424,0.022245426077117665,0.003490373546881303,0.018008806161345516,0.01800880616134548
201102,0.037392698,0.0314888243766308,0.023968598496229163,0.03735984888413921,0.03735984888413921
201103,0.012070943999999998,-0.0001384164682695767,0.00286567350513629,0.011864695365937568,0.011864695365937556
201104,0.030234058,0.028323415181743306,0.03863325782071796,0.03156176378445923,0.031561763784459185
201105,-0.00570569,-0.01263564926353778,0.018938297334041888,-0.003224701209750924,-0.0032247012097508894
201106,-0.017591735999999997,-0.016356860598834167,-0.008665574490892721,-0.015675564925458487,-0.0156755649254585
201107,-0.03246589,-0.02056151015031999,-0.012715105549969838,-0.03268815855812192,-0.03268815855812192
201108,-0.06381136400000001,-0.05412355598519516,0.035220471109956124,-0.05344024454951025,-0.053440244549510255
201109,-0.08610223,-0.06795755330396766,0.014354435543246079,-0.07592641184076711,-0.07592641184076707
201110,0.12486244200000002,0.105793079237368,0.023111797180313393,0.11451739414989945,0.11451739414989939
201111,-0.005150434,-0.003421373830661297,0.020022889197749784,-0.0019601868674209147,-0.0019601868674209025
201112,-0.005339271999999999,0.008139986170679174,0.04127291514403879,6.492737148313939e-05,6.49273714831267e-05
201201,0.056466502,0.04622062307126014,-0.023126172994086744,0.04816111545169442,0.04816111545169438
201202,0.04350529400000001,0.042950260986029457,0.0001203210536418961,0.03853654647365694,0.038536546473656966
201203,0.023338818,0.032838464787194786,0.01835633898751028,0.024141751655604518,0.024141751655604518
201204,-0.007805764,-0.007743317205773576,0.01232056742650834,-0.004261836331440779,-0.004261836331440781
201205,-0.06751633,-0.05903444866582618,0.01127374669654145,-0.05848876212459081,-0.058488762124590817
201206,0.031077321999999998,0.03936810103749481,0.045130811308343774,0.032724813567789224,0.03272481356778923
201207,0.0012255419999999992,0.011511114720510203,0.01891463085743815,0.0032931401846055903,0.003293140184605575
201208,0.030702076000000005,0.02415137565627785,-0.02770836988746445,0.024767122765913394,0.024767122765913398
201209,0.023858246000000003,0.026298442016299016,0.008678073023184343,0.022682204159702526,0.022682204159702526
201210,-0.007145702000000002,-0.018201871308205456,0.007631838702649405,-0.00680850039993341,-0.006808500399933401
201211,0.011238380000000003,0.004368066553785766,-0.014821923197511272,0.010682598908546316,0.01068259890854632
201212,0.020461622,0.008937608802814283,-0.006458067500975057,0.01546983472880568,0.015469834728805688
201301,0.066801562,0.05277067972002647,0.05580902092305799,0.0641759614273403,0.0641759614273403
201302,0.012460593999999998,0.013036627593307794,0.046811118458566885,0.015354180559998501,0.015354180559998518
201303,0.045451628,0.038676802380994565,0.048216052099595404,0.04604264999492038,0.04604264999492038
201304,0.014874430000000001,0.018962706005873582,0.043159692502371505,0.016103321670950445,0.016103321670950497
201305,0.025040774000000002,0.024869775982048745,-0.07440301643542194,0.01780215958994108,0.017802159589940997
201306,-0.012111842,-0.013086985044142489,0.012308827440285707,-0.009303567754795933,-0.009303567754795926
201307,0.058454688000000005,0.05166063783193103,0.040014829115338116,0.056479474305055954,0.05647947430505597
201308,-0.024302103999999998,-0.028094707877259692,-0.054685077429592215,-0.026797546598343852,-0.02679754659834386
201309,0.043576412,0.03252995490942452,0.001245747574681258,0.03976764118098254,0.0397676411809826
201310,0.03757729800000001,0.04461990250774708,0.05558136080826205,0.03864102062028916,0.038641020620289165
201311,0.023159416000000002,0.031275405595330694,-0.005060656269739481,0.021118857855984052,0.021118857855984052
201312,0.030776476,0.02549725593071838,0.002549093172152605,0.02818543946381135,0.028185439463811322
201401,-0.02924513,-0.03587981057522607,-0.006234755003946502,-0.028784360716076977,-0.028784360716076964
201402,0.053819354,0.04554295041792182,0.024111788160686876,0.051439773302749375,0.051439773302749375
201403,0.003323265999999999,0.008753605693639241,0.028894081058000107,0.006591658657898755,0.006591658657898757
201404,-0.0018903680000000006,0.005262190932252901,0.03636312236551624,0.0013285692051802815,0.0013285692051802872
201405,0.02357917,0.022264293835092888,-0.010072125143715525,0.02175636502862143,0.02175636502862143
201406,0.028109360000000007,0.019500775793717198,0.021240506684945083,0.02621106960099677,0.02621106960099677
201407,-0.023358956,-0.014000266024965569,-0.04738318796994713,-0.024768951384707052,-0.02476895138470705
201408,0.043407433999999995,0.04036743532978842,0.03979721651808455,0.043097451968259384,0.0430974519682594
201409,-0.023462442,-0.01378234171486646,-0.009027826949660865,-0.020673511699964366,-0.02067351169996437
201410,0.027990164,0.02390361309439609,0.06041635371172785,0.031328120635426865,0.031328120635426844
201411,0.028432532,0.029491049276640757,0.027541096035591926,0.029530408551577937,0.02953040855157793
201412,0.0024187539999999995,-0.0029595805237457853,0.012001034164457153,0.003701557717937616,0.003701557717937603
201501,-0.023336612,-0.030221980970317214,0.006451438529967787,-0.022203658130286963,-0.02220365813028696
201502,0.060499188000000016,0.05895815845401553,-0.019548242244341766,0.05587925801100212,0.055879258011002096
201503,-0.00655827,-0.016910244966672573,-0.009105712284936729,-0.006449941775857795,-0.006449941775857796
201504,0.0010492920000000007,0.009968059611465822,-0.00828215413867617,-0.001206363925413209,-0.001206363925413221
201505,0.013866706000000003,0.013440718396335549,0.006037129451840025,0.014144338088079508,0.014144338088079503
201506,-0.018052222000000003,-0.018878646384472078,-0.0379755495163326,-0.018238861238923577,-0.01823886123892358
201507,0.011007874,0.01933965433845635,0.05463473919675223,0.016019304684708777,0.016019304684708774
201508,-0.055108305999999996,-0.06060183652496347,-0.04019960941947821,-0.05352509446005563,-0.05352509446005563
201509,-0.033700794,-0.023971814474753543,0.01798352779433901,-0.02802788258958023,-0.02802788258958023
201510,0.070075034,0.07931552663590738,0.0502546118752858,0.0686387826018219,0.0686387826018219
201511,0.0035123639999999996,0.0026917943831937345,-0.004428266499443943,0.0034285908222441786,0.0034285908222441795
201512,-0.025750946,-0.016597934224649495,0.007991374462315598,-0.022578488177108415,-0.022578488177108412
201601,-0.062360122,-0.05375121392195366,0.015310829414506611,-0.053566754539004995,-0.053566754539004995
201602,0.011953822,0.0006413470983033245,-0.0016124855019994202,0.012014108147358763,0.01201410814735877
201603,0.073930584,0.06733449398105469,0.06448012498853772,0.07235750438168909,0.07235750438168909
201604,0.01312603,0.0069609396164757795,-0.004910359954961252,0.010683951545738733,0.010683951545738726
201605,0.017001222000000003,0.01767786344423919,0.00842929401665616,0.017495739275291307,0.017495739275291307
201606,0.001575936,0.0033947918929512527,0.061144468460583044,0.006576067775980703,0.006576067775980705
201607,0.039686346000000004,0.034829151559361476,0.00469562374184968,0.035394192415861433,0.03539419241586144
201608,0.005658800000000001,0.0029413987651507995,-0.015621463730436075,0.003048351535150746,0.0030483515351507288
201609,0.0015918040000000005,0.00026286405923113716,-0.01352972091896091,-0.0009514781565609331,-0.0009514781565609327
201610,-0.020370718,-0.01632131311954211,-0.012341547407913317,-0.01984128592306566,-0.01984128592306566
201611,0.057676848,0.04433911332942972,0.0324696744387528,0.05332648037782579,0.053326480377825794
201612,0.010704472,0.019405849595120116,0.030620195555277445,0.012440817734812138,0.012440817734812119
201701,0.024578124,0.018842824171856086,0.0019872349971063654,0.022661204036938158,0.022661204036938172
201702,0.03548785,0.040017816022941466,0.05494969433411059,0.03764784077507445,0.03764784077507448
201703,0.0004998800000000003,0.0010610922983012555,0.001010293134554509,-0.00016511693969723884,-0.00016511693969723537
201704,0.009359396,0.0094527003308264,0.011019966372860956,0.009793568606324538,0.009793568606324576
201705,0.010090962,0.014289842972438007,0.028220248356670807,0.01233129505017017,0.012331295050170181
201706,0.008986134000000002,0.006228235031732745,-0.0029297598065202227,0.008589077575550545,0.008589077575550528
201707,0.018030482,0.021315432520209086,0.024202777010513724,0.016964876671022717,0.016964876671022724
201708,-0.0031772040000000007,0.004614874536797973,0.0014590829322648447,-0.0028584173649283074,-0.0028584173649282914
201709,0.03016995,0.020352143627736633,0.013656988018738266,0.028031067470377737,0.028031067470377716
201710,0.017843202,0.02458808629948671,0.021054614493121827,0.018937698617661473,0.018937698617661473
201711,0.039940542,0.03253168432700515,0.035821880461492414,0.04022556191028526,0.04022556191028525
201712,0.012930694,0.012577642424771732,0.0007069940635179039,0.010295616810739714,0.0102956168107397
201801,0.051144784,0.05993995089977704,0.03074459744728671,0.048856599322573024,0.048856599322573024
201802,-0.039220783999999995,-0.03449154807292713,-0.04332992990473471,-0.039306386179354454,-0.03930638617935443
201803,-0.008479888000000001,-0.025237228308816702,-0.009427999752332064,-0.008217363656622343,-0.00821736365662233
201804,0.0028065959999999993,0.005290171941398516,-0.009612451010419909,0.0021143001014813216,0.002114300101481335
201805,0.017759792000000003,0.023127573315937545,-0.0008157773634740661,0.014949948033547081,0.014949948033547069
201806,0.005800034000000001,0.004823934492290186,0.00806719699907364,0.006309587404468128,0.006309587404468129
201807,0.03392337200000001,0.037354372442817065,0.058726253097913746,0.03608083138843532,0.036080831388435305
201808,0.026276580000000004,0.035157811223221216,0.01851034777110226,0.024529292031037545,0.024529292031037528
201809,0.0022813359999999993,0.006770029275738067,0.00891647745760693,0.0025077916079262073,0.0025077916079262247
201810,-0.078593942,-0.06839767345049749,-0.02629756910222855,-0.07203988755675066,-0.07203988755675067
201811,0.0257895,0.018995704432143226,0.048847943377916495,0.02862034340634323,0.028620343406343264
201812,-0.096503748,-0.09067573261429245,-0.07343008846335253,-0.09364637645516928,-0.09364637645516927
201901,0.09520711800000002,0.08032369126989362,0.05565358944830576,0.08936096675217148,0.08936096675217146
201902,0.038628548,0.03341955073550134,0.030682284373685132,0.039545507419866135,0.039545507419866135
201903,0.008114478000000001,0.01677478054884885,0.02045424915829088,0.009824574097816908,0.009824574097816906
201904,0.039658736,0.04190407297061871,0.04128501198660323,0.0397863543393886,0.0397863543393886
201905,-0.063718044,-0.06348234778775244,-0.014009997393403015,-0.05785600626720053,-0.05785600626720052
201906,0.07616388399999999,0.07052867240857646,0.05305630464337809,0.073034090578649,0.07303409057864901
201907,0.012391860000000001,0.0155703079626758,0.007204895560848741,0.01284983740835723,0.012849837408357233
201908,-0.027407952,-0.017911298221782487,0.02203497854506359,-0.020871814902573813,-0.020871814902573817
201909,0.021016287999999998,0.01724974311354689,0.010513362190714843,0.02154076884122269,0.021540768841222697
201910,0.014840451999999999,0.02324885369395835,-0.004801462493761576,0.011995937698543136,0.011995937698543138
201911,0.042701608,0.03892475095624956,-0.0022705784660785873,0.03812098230341851,0.03812098230341852
201912,0.023495648,0.029192751721979306,0.025717600992397803,0.02265752814743495,0.02265752814743495
202001,-0.009950626,0.003794764175460234,0.047793856057292285,-0.005143740869285797,-0.005143740869285797
202002,-0.08339253799999999,-0.07993335285705094,-0.08811288538770656,-0.0850296214941447,-0.0850296214941447
202003,-0.16736237999999998,-0.11885065137354364,-0.1325922750635668,-0.16071385479097866,-0.16071385479097866
202004,0.134128664,0.1299145863514461,0.05802710029062562,0.12543980516191877,0.1254398051619188
202005,0.06796907800000002,0.049826832229188905,0.03819844675103169,0.06411423164502554,0.0641142316450255
202006,0.009342768000000001,0.020913405713861088,-0.02838683619647283,0.005235128022391208,0.005235128022391199
202007,0.05564277399999999,0.060782161879667715,0.07935770766096517,0.056486554064215225,0.056486554064215246
202008,0.04089902199999999,0.07914645001156814,0.01376729087320781,0.03942241760746182,0.03942241760746182
202009,-0.019513642000000005,-0.03996382161864749,-0.0020222127221791045,-0.019536282980988147,-0.019536282980988133
202010,-0.0031531099999999993,-0.026719226003559096,-0.006131547055433157,-0.005058338491092445,-0.005058338491092446
202011,0.129553394,0.11310241770294616,0.036214158064349994,0.1218272355122574,0.12182723551225735
202012,0.044839614,0.04264916315392658,0.0025720686485066952,0.04089292767188593,0.04089292767188593
202101,-0.009966352,-0.009721932945257791,-0.045959606362589916,-0.014473556649347876,-0.014473556649347873
202102,0.045643158,0.023040420565252594,-0.04561778053033812,0.04067055990321905,0.04067055990321905
202103,0.045491171999999996,0.03902906083928761,0.11611035922163626,0.052107802113834624,0.05210780211383463
202104,0.04585818999999999,0.05378551615914727,0.03672942318895222,0.04760056032754409,0.04760056032754409
202105,0.010755220000000001,0.00360345011129526,-0.0016994193669355579,0.010852729857874197,0.010852729857874171
202106,0.009164474,0.026002270008851493,-0.012074145989475982,0.004109795376867599,0.004109795376867608
202107,0.008477366,0.020658753788104656,0.0442609290412039,0.014612180130778444,0.014612180130778453
202108,0.025226595999999997,0.030828546854694935,0.021927685888614486,0.023126800697402635,0.023126800697402645
202109,-0.040945036000000004,-0.04649652549363338,-0.0537093308469357,-0.0427112415529076,-0.042711241552907606
202110,0.05733948,0.07120418284237197,0.05031109233602073,0.056015096175638,0.05601509617563799
202111,-0.026044026000000005,-0.008514431712325875,-0.019847308572549644,-0.025412127725298942,-0.02541212772529893
202112,0.048620630000000005,0.03808256821017898,0.09968610630911937,0.056613330106817975,0.05661333010681795
202201,-0.05363027000000001,-0.05152100711251223,-0.017348031117819768,-0.050807236230140475,-0.05080723623014047
202202,-0.0060300840000000015,-0.026993201748840588,-0.020747925469434693,-0.0101247890524175,-0.010124789052417496
202203,0.024992525999999998,0.03631207434335702,0.05123624321030248,0.027148875132455924,0.027148875132455938
202204,-0.07033466599999999,-0.09083346229454412,-0.00376216720011443,-0.06447026867303954,-0.06447026867303955
202205,0.009180882,-0.0008634231530778376,0.01566497322918874,0.009576940867260093,0.009576940867260093
202206,-0.08938192,-0.0809976132198644,-0.028763030600761914,-0.08159007213913698,-0.08159007213913697
202207,0.09014100600000001,0.09449041110228548,0.021068132825185396,0.08413339680033344,0.08413339680033342
202208,-0.025798143999999995,-0.0379042037901054,-0.0195944644968209,-0.02764101013580839,-0.027641010135808424
202209,-0.090197778,-0.09022688928874267,-0.09459241864073409,-0.0880099050302903,-0.08800990503029031
202210,0.09256097399999999,0.07953033265266637,0.05393982736380207,0.09118833553132741,0.09118833553132738
202211,0.065060876,0.053014686959285226,0.04852834679198993,0.06570338995098329,0.06570338995098335
202212,-0.04908296400000001,-0.059890944566190284,-0.0036539735198137966,-0.045554048106256115,-0.045554048106256136
202301,0.06999306,0.06272855390729212,-0.019188202722353578,0.061404001200167674,0.061404001200167646
202302,-0.029060812000000002,-0.023035067259091664,-0.03278325207551679,-0.029876236094474054,-0.02987623609447406
202303,0.0017357420000000002,0.038797244948687706,0.04195176467993279,0.00348424775787375,0.003484247757873783
202304,-0.00032153799999999996,0.014938911418616523,0.0377357241520685,0.0039800608445477005,0.003980060844547707
202305,-0.029992448000000005,0.00801046858482976,-0.059542707247434955,-0.03312732581099027,-0.033127325810990274
202306,0.07528610599999999,0.06657569796284094,0.017296365212213508,0.0718481665936167,0.0718481665936167
202307,0.032243772000000004,0.03242459393518447,-0.0009045395989083216,0.030169912955236973,0.030169912955236973
202308,-0.026459226000000006,-0.014369566501403669,-0.04352812065883241,-0.02605015781778636,-0.026050157817786343
202309,-0.048346365999999995,-0.04719981373863792,-0.0545459070973439,-0.04732777039133716,-0.047327770391337134
202310,-0.039954686,-0.020670852913814673,0.000919413608788242,-0.0351379823230394,-0.03513798232303941
202311,0.09097359399999999,0.09092286390641637,0.03460045065475799,0.0880161158344753,0.08801611583447533
202312,0.06773452999999999,0.04457140614041788,0.016339386279588843,0.06278135108273206,0.06278135108273204
202401,-0.003525136,0.01794589490634867,0.021669673763297263,-0.0011540985037174715,-0.0011540985037174671
202402,0.04733429,0.05337650192222719,-0.0007374232088321452,0.04417015774242379,0.04417015774242382
202403,0.04662271800000001,0.03284447361370359,0.038415699266386716,0.044696510034487005,0.044696510034487005
202404,-0.04875336200000001,-0.0381429375263223,0.0015678623342454817,-0.04662151793223623,-0.046621517932236206
202405,0.027194092000000003,0.04975643457582461,0.011220744123879661,0.02595457119772853,0.025954571197728555
202406,-0.0026420439999999983,0.03748371174562855,-0.01444330230276204,-0.002756358407150806,-0.002756358407150804
202407,0.038754076,0.01057288480386814,0.04415780401839257,0.041982720928777056,0.04198272092877708
202408,0.022189906000000002,0.02405408114971701,0.08506865486802885,0.025368255469395702,0.025368255469395713
202409,0.01995541,0.02097671832967498,0.008431447334905834,0.019306560293210342,0.019306560293210366
202410,-0.00889378,-0.006743243339749258,-0.04217660083142474,-0.010304739388496782,-0.010304739388496822
202411,0.069866136,0.06191397236621098,0.02090290790044978,0.06546099455810708,0.06546099455810707
202412,-0.062998304,-0.022780423081770765,-0.058851104798811,-0.062609330807859,-0.06260933080785902
202501,0.042225368,0.029592146707853765,-0.008221407106223594,0.0397611620972594,0.0397611620972594
202502,-0.016800288,-0.01702320685402227,0.06708799761528192,-0.009953868840099796,-0.00995386884009981
202503,-0.041035896,-0.058731938526233055,0.011383570373506041,-0.03481804575133593,-0.034818045751335916
202504,-0.017702265999999998,-0.005657706666250362,-0.025240071569665068,-0.018156224731882713,-0.018156224731882713
202505,0.04725978,0.06294924681947767,-0.012554593856941281,0.0412138639940954,0.04121386399409539
202506,0.037742002000000004,0.051794280265080636,-0.02204523592942155,0.032599432896724574,0.03259943289672457
202507,0.007831023999999999,0.022093544242303746,0.010127154446704683,0.005457902305769163,0.005457902305769159
202508,0.024567238,0.020067423605304804,0.01430812828751087,0.024764744424783172,0.024764744424783165
202509,0.011893980000000002,0.03708763786843409,0.0026740317657828914,0.00980028472233905,0.00980028472233905
202510,0.0009564760000000008,0.026409295856552183,-0.015436333488435462,-0.005357259679457014,-0.00535725967945701
202511,0.016533874000000004,0.0017483849481907615,0.032724790897015736,0.019993633908228434,0.019993633908228444
202512,0.00431702,-0.00020903058443950007,-0.031200589923065153,0.0025466791617209206,0.0025466791617209206
