period,strategy,months,ann_return,ann_vol,sharpe,max_drawdown,cum_return,ann_turnover,beta
1995–1999,Equally weighted,60.0,0.23159350030925996,0.13951990727294405,1.2172781398696835,-0.18510515356805501,1.8335895441562782,0.6737973617156772,0.9350296993798562
1995–1999,Value weighted,60.0,0.2884977777094897,0.13958258590775108,1.5466413674378343,-0.15224326863967064,2.5515535660154574,0.12929245181069965,0.9511809063806329
1995–1999,Minimum risk,60.0,0.08483151924099186,0.1307675964064472,0.3070265986926628,-0.22193101850834152,0.5024896000613359,1.5571803611749084,0.33817022602255087
1995–1999,Risk parity,60.0,0.20667858042524712,0.13024076747252752,1.1347220885799494,-0.17291734447166807,1.5583385707636928,0.720851944584289,0.8481090929218489
1995–1999,Maximum diversification,60.0,0.13914837253895818,0.16392839049296634,0.5759504623851267,-0.25175816377339644,0.9182334952958686,2.0976007268588255,0.9512380465250094
2000–2002,Equally weighted,36.0,-0.04272062728572734,0.18488917496920768,-0.34500321977903864,-0.28015127364597736,-0.12276469323620887,0.9220735872711316,0.8728484395787661
2000–2002,Value weighted,36.0,-0.1273441247748751,0.17968490130147347,-0.8720842220881924,-0.4166798864339537,-0.3354478753055511,0.12563081859153136,0.8944911567234646
2000–2002,Minimum risk,36.0,0.11378450164063403,0.18229970589115907,0.4801152234495313,-0.166701610588878,0.38166740138500566,0.9232777423936012,0.020730835816531033
2000–2002,Risk parity,36.0,0.00816635113751496,0.14988394806771918,-0.11889027524750904,-0.21586439531223944,0.0246996658934151,0.8165998452640699,0.5961084283982981
2000–2002,Maximum diversification,36.0,0.060483460005429146,0.14040315596790362,0.22431714167995428,-0.17192954428655505,0.19264639037207587,1.3842271753746878,0.18289231406958426
2003–2006,Equally weighted,48.0,0.1823192303019736,0.09854593064204013,1.5082152102239565,-0.044818231073996295,0.9540650342063859,0.562289888830763,1.0703897507186193
2003–2006,Value weighted,48.0,0.14137744728400414,0.08223820895933771,1.3567023332724109,-0.04314792449895499,0.6971379618192497,0.10279459354807732,0.9045686345303392
2003–2006,Minimum risk,48.0,0.12619722449105653,0.07514944328704641,1.2973156234495418,-0.06880010513185286,0.608636100433291,1.0619186251268706,0.5696542922142623
2003–2006,Risk parity,48.0,0.17093358996985097,0.08220753044009974,1.6715233342131481,-0.046093747405271834,0.8798753718576537,0.6097647642228816,0.8860327972983458
2003–2006,Maximum diversification,48.0,0.14799557543851516,0.07755383581574905,1.5086776689832662,-0.05410882725239052,0.7368441767424951,1.2883222044681328,0.648574944488908
2007–2009,Equally weighted,36.0,-0.04518094154294916,0.2198385004442245,-0.19327983609546864,-0.5169551446740555,-0.12951110083840134,0.7500725887285995,1.0792443074849987
2007–2009,Value weighted,36.0,-0.04988268947708818,0.1900902508446257,-0.2824371775556852,-0.49130846036095044,-0.14230734253658928,0.13254744602403945,0.9392902149296595
2007–2009,Minimum risk,36.0,-0.03918335796285222,0.13785616373678755,-0.37025557297325445,-0.37548876437321643,-0.11300422686692724,2.1834025846808633,0.5512995767987535
2007–2009,Risk parity,36.0,-0.04254817857994919,0.19714797788434232,-0.2260288284967613,-0.48902594319125714,-0.12229052022717579,0.7959358833510441,0.9719264282475707
2007–2009,Maximum diversification,36.0,-0.09480324426400055,0.17896394821595502,-0.5803621226473473,-0.5362085279536952,-0.2582988262870468,2.463878726882811,0.8004128597532594
2010–2019,Equally weighted,120.0,0.14202019201049443,0.1343676669594241,1.0221114536540483,-0.1913990844498854,2.7734432874895347,0.49749647196141544,1.0275972765945776
2010–2019,Value weighted,120.0,0.13661556053258228,0.12422845992228783,1.056639187581377,-0.16138567216103272,2.5986198684511246,0.08977920358798058,0.9558820487469665
2010–2019,Minimum risk,120.0,0.12745944940791798,0.10521015217187901,1.149320319979535,-0.10706965543607161,2.3190157130376705,0.8599794733115145,0.29765884019396177
2010–2019,Risk parity,120.0,0.14475651636898723,0.1194293640247068,1.1544645453266031,-0.16240857664601138,2.864837547019511,0.5070035375678039,0.909653750021914
2010–2019,Maximum diversification,120.0,0.1588998038839513,0.12515375848158375,1.206534233281181,-0.1538669492479342,3.3697731688629036,1.3636512338745916,0.7482448253637116
2020–2025,Equally weighted,72.0,0.1127392025451559,0.1825195258462979,0.5322977247658895,-0.24439248059399865,0.898280265385339,0.5847349359079734,0.9841289016625865
2020–2025,Value weighted,72.0,0.15650412568188643,0.1719223503450034,0.7808311469291839,-0.23513909242384945,1.3926717304077711,0.06263503683433005,0.9627104620247572
2020–2025,Minimum risk,72.0,0.026740942327693196,0.14475629328038928,0.0687749904395312,-0.17657838892870692,0.17156201355956657,1.0383972560308408,0.43414151543468993
2020–2025,Risk parity,72.0,0.10364194189839426,0.1683751643532797,0.513135937037958,-0.21995841746251177,0.8070458838210739,0.567391431474174,0.8982483152753472
2020–2025,Maximum diversification,72.0,0.08624892823403796,0.15364225437277046,0.4418013239641501,-0.21438039639268547,0.6427677398079241,1.4882905177737709,0.7069321369085941
